{
    "version": 2,
    "settings": {
        "appearanceTools": false,
        "border": {
            "color": false,
            "radius": false,
            "style": false,
            "width": false
        },
        "color": {
            "background": true,
            "custom": true,
            "customDuotone": true,
            "customGradient": true,
            "defaultGradients": true,
            "defaultPalette": true,
            "duotone": [],
            "gradients": [],
            "link": false,
            "palette": [
                {
                    "name": "Light Blue",
                    "slug": "l-blue",
                    "color": "#a9fce5"
                },
                {
                    "name": "Blue",
                    "slug": "blue",
                    "color": "#59dac3"
                },
                {
                    "name": "Light Purple",
                    "slug": "l-pruple",
                    "color": "#b283ce"
                },
                {
                    "name": "Purple",
                    "slug": "purple",
                    "color": "#675689"
                },
                {
                    "name": "Dark Pruple",
                    "slug": "d-purple",
                    "color": "#190935"
                }
            ],
            "text": true
        },
        "custom": {},
        "layout": {
            "contentSize": "1100px",
            "wideSize": "1000px"
        },
        "spacing": {
            "blockGap": null,
            "margin": true,
            "padding": true,
            "customSpacingSize": true,
            "units": [ "px", "em", "rem", "vh", "vw" ],
            "spacingScale": {
                "operator": "*",
                "increment": 1.5,
                "steps": 7,
                "mediumStep": 1.5,
                "unit": "rem"
            },
            "spacingSizes": []
        },
        "typography": {
            "customFontSize": true,
            "dropCap": true,
            "fontFamilies": [],
            "fontSizes": [],
            "fontStyle": true,
            "fontWeight": true,
            "letterSpacing": true,
            "lineHeight": false,
            "textDecoration": true,
            "textTransform": true
        },
        "blocks": {
            "core/paragraph": {
                "border": {},
                "color": {},
                "custom": {},
                "layout": {},
                "spacing": {},
                "typography": {}
            },
            "core/heading": {},
            "etc": {}
        }
    }
}